SMILES,Activity
Cc1cc(OCC(=O)O)cc(C)c1Cc1cc(C#Cc2ccc([N+](=O)[O-])cc2)c(O)c(C(C)C)c1,1
Cc1cc(OCC(=O)O)cc(C)c1Cc1cc(-c2ccc([N+](=O)[O-])cc2)c(O)c(C(C)C)c1,1
Cc1oc2ccccc2c1C(=O)c1cc(I)c(OCC(=O)O)c(I)c1,1
CCCCc1oc2ccccc2c1C(=O)c1cc(I)c(OCC(=O)O)c(I)c1,0
CCCCc1oc2ccccc2c1C(=O)c1cc(I)c(OCCN(CC)CC)c(I)c1,1
Cc1oc2ccccc2c1Cc1cc(I)c(OCC(=O)O)c(I)c1,0
N[C@H](Cc1cc(I)c(Oc2ccc(O)c(I)c2)c(I)c1)C(=O)O,1
CC(C)c1cc(Oc2c(Br)cc(CC(=O)O)cc2Br)ccc1O,1
O=C(O)CCc1cc(I)c(Oc2ccc(O)c(I)c2)c(I)c1,1
CC(C)c1cc(Oc2c(Cl)cc(C(=O)O)cc2Cl)ccc1O,1
CC(C)c1cc(Oc2c(Br)cc(C(=O)O)cc2Br)ccc1O,1
CC(C)c1cc(Oc2c(Cl)cc(CC(=O)O)cc2Cl)ccc1O,1
O=C(O)Cc1cc(I)c(Oc2ccc(O)c(I)c2)c(I)c1,1
CC(C)c1cc(Oc2c(Br)cc(CCC(=O)O)cc2Br)ccc1O,1
CC(C)c1cc(Oc2c(Cl)cc(CCC(=O)O)cc2Cl)ccc1O,1
CC(C)c1cc(Oc2c(I)cc(C[C@@H](N)C(=O)O)cc2I)ccc1O,1
Fc1ccc(-c2c(-c3ccccn3)nn3c2CCC3)cc1,0
Cc1cccc(-c2nn3c(c2-c2ccc(F)c(F)c2)CCC3)n1,1
Fc1ccc(-c2nn3c(c2-c2ccnc4ccccc24)CCC3)nc1,1
Cc1ccc(-c2c(-c3cccc(C)n3)nn3c2CCC3)cc1,0
Cc1cccc(-c2nn3c(c2-c2ccc(F)cc2)CCC3)n1,1
Cc1cccc(-c2nn3c(c2-c2ccnc4cc(Cl)ccc24)CCC3)n1,1
c1ccc(-c2nn3c(c2-c2ccnc4ccccc24)CCC3)nc1,1
Cc1cccc(-c2nn3c(c2-c2ccnc4ccccc24)CCC3)n1,1
CCSc1ccc2c(-c3c(-c4ccccn4)nn4c3CCC4)ccnc2c1,1
COc1ccc(-c2c(-c3ccccn3)nn3c2CCC3)cc1,1
COc1ccc(-c2c(-c3cccc(C)n3)nn3c2CCC3)cc1,1
Clc1ccc2c(-c3c(-c4ccccn4)nn4c3CCC4)ccnc2c1,1
CCS(=O)(=O)c1ccc2c(-c3c(-c4ccccn4)nn4c3CCC4)ccnc2c1,0
CC(C)c1cccc(-c2nn3c(c2-c2ccnc4ccccc24)CCC3)n1,0
CCOc1ccc2c(-c3c(-c4cccc(C)n4)nn4c3CCC4)ccnc2c1,1
Fc1ccc(-c2c(-c3cccc(C(F)(F)F)n3)nn3c2CCC3)cc1,1
OCc1cccc(-c2nn3c(c2-c2ccc(F)cc2)CCC3)n1,0
CCc1cccc(-c2nn3c(c2-c2ccnc4ccccc24)CCC3)n1,1
Cc1cccc(-c2nn3c(c2-c2ccc(S(C)(=O)=O)cc2)CCC3)n1,0
Cc1cccc(-c2nn3c(c2-c2ccc(O)cc2)CCC3)n1,1
CC(C)c1cc(Oc2c(Br)cc(C(=O)O)cc2Br)cc(C(C)C)c1O,1
CC(C)c1cc(Oc2c(Br)cc(C(=O)O)cc2Br)cc(C(C)C)c1O,0
CCCCc1oc2ccccc2c1C(=O)c1cc(I)c(CCN(CC)CC)c(I)c1,1
CCCCc1oc2ccccc2c1C(=O)c1cc(I)c(CCN(CC)CC)c(I)c1,0
CCOc1c(Br)cc(CC(=O)O)cc1Br,0
CCCCOc1c(Br)cc(CC(=O)O)cc1Br,0
CCCCCOc1c(Br)cc(CC(=O)O)cc1Br,0
CC(C)CCOc1c(Br)cc(CC(=O)O)cc1Br,0
CCCCCCOc1c(Br)cc(CC(=O)O)cc1Br,0
CCCCCCOc1c(Br)cc(CC(=O)O)cc1Br,1
CCC(CC)COc1c(Br)cc(CC(=O)O)cc1Br,1
O=C(O)Cc1cc(Br)c(OCC2CCCCC2)c(Br)c1,1
CC(C)CCOc1c(Br)cc(CCC(=O)O)cc1Br,0
CCCCCCOc1c(Br)cc(CCC(=O)O)cc1Br,1
CCC(CC)COc1c(Br)cc(CCC(=O)O)cc1Br,1
O=C(O)CCc1cc(Br)c(OCC2CCCCC2)c(Br)c1,1
N[C@@H](Cc1cc(I)c(Oc2ccc(O)c(I)c2)c(I)c1)C(=O)O,1
O=C(O)Cc1cc(Cl)c(Oc2ccc(O)cc2)c(Cl)c1,0
O=C(O)Cc1cc(Cl)c(Oc2ccc(O)c(Br)c2)c(Cl)c1,1
O=C(O)Cc1cc(Cl)c(-c2cccc3cc(O)ccc23)c(Cl)c1,1
O=C(O)Cc1cc(Cl)c(-c2cccc3c(Br)c(O)ccc23)c(Cl)c1,1
O=C(O)CNc1cc(Cl)c(-c2cccc3c(Br)c(O)ccc23)c(Cl)c1,1
O=C(O)CCNc1cc(Cl)c(-c2cccc3c(Br)c(O)ccc23)c(Cl)c1,1
O=C(O)C(=O)Nc1cc(Cl)c(-c2cccc3c(Br)c(O)ccc23)c(Cl)c1,1
O=C(O)CC(=O)Nc1cc(Cl)c(-c2cccc3c(Br)c(O)ccc23)c(Cl)c1,1
O=C(O)CCC(=O)Nc1cc(Cl)c(-c2cccc3c(Br)c(O)ccc23)c(Cl)c1,1
Cc1c(O)ccc2c(-c3c(Cl)cc(NC(=O)O)cc3Cl)cccc12,1
O=C(O)Nc1cc(Cl)c(-c2cccc3c(-c4ccccc4)c(O)ccc23)c(Cl)c1,1
COc1ccc2c(-c3c(Cl)cc(NC(=O)CC(=O)O)cc3Cl)cccc2c1C(C)C,1
CCC(=O)Nc1ccc(Oc2c(Cl)cc(CC(=O)O)cc2Cl)cc1Br,1
CCCC(CCC)C(=O)Nc1ccc(Oc2c(Cl)cc(CC(=O)O)cc2Cl)cc1Br,1
CCC(CC)C(=O)Nc1ccc(Oc2c(Cl)cc(CC(=O)O)cc2Cl)cc1Br,1
CCCC(C)C(=O)Nc1ccc(Oc2c(Cl)cc(CC(=O)O)cc2Cl)cc1Br,1
CCC(C)C(=O)Nc1ccc(Oc2c(Cl)cc(CC(=O)O)cc2Cl)cc1Br,1
CC(C)C(=O)Nc1ccc(Oc2c(Cl)cc(CC(=O)O)cc2Cl)cc1Br,1
Cc1cc2nc(C(=O)O)ccc2c(C)c1Oc1ccc(O)c(C(C)C)c1,1
Cc1cc2[nH]c(C(=O)O)cc(=O)c2c(C)c1Oc1ccc(O)c(C(C)C)c1,1
CC(C)c1cc(Oc2c(Cl)cc3[nH]c(C(=O)O)cc(=O)c3c2Cl)ccc1O,1
CC(C)c1cc(Oc2c(Br)cc3nc(C(=O)O)cc(O)c3c2Br)ccc1O,1
CC(C)c1cc(Oc2c(Br)cc3c(c2Br)CC(C(=O)O)C3)ccc1O,1
CC(C)c1cc(Oc2c(Cl)cc3[nH]c(C(=O)O)cc3c2Cl)ccc1O,1
CC(C)c1cc(Oc2c(Br)cc3[nH]c(C(=O)O)cc3c2Br)ccc1O,1
O=C(O)CCc1ccccc1OCC1C(Br)CCCC1Br,1
CC(C)c1cc(Oc2c(Br)cc(CCC(=O)O)cc2Br)cc(/C=C/c2ccncc2)c1O,1
Cc1cc(Oc2c(Br)cc(CC(=O)N[C@H](C(=O)O)C(C)C)cc2Br)cc(C(C)C)c1O,0
CC(C)c1cc(Oc2c(Br)cc(CC(=O)N[C@H](C(=O)O)C(C)C)cc2Br)cc(Cl)c1O,0
CC(C)c1cc(Oc2c(Br)cc(CC(=O)N[C@H](C(=O)O)C(C)C)cc2Br)cc(F)c1O,1
CC(C)c1cc(Oc2c(Br)cc(CC(=O)N[C@H](CC(=O)O)C(=O)O)cc2Br)ccc1O,1
CC(C)c1cc(Oc2c(Br)cc(CC(=O)N[C@@H](CC(=O)O)C(=O)O)cc2Br)ccc1O,1
CC(C)c1cc(Oc2c(Br)cc(CC(=O)N[C@@H](C(=O)O)c3ccccc3)cc2Br)ccc1O,1
CC(C)c1cc(Oc2c(Br)cc(CC(=O)N[C@H](C(=O)O)c3ccccc3)cc2Br)ccc1O,1
CC(C)c1cc(Oc2c(Br)cc(CC(=O)N[C@@H](C(=O)O)C(C)C)cc2Br)ccc1O,1
CC(C)c1cc(Oc2c(Br)cc(CC(=O)N[C@H](C(=O)O)C(C)C)cc2Br)ccc1O,1
CC(C)c1cc(Oc2c(Br)cc(CC(=O)N[C@H](C)C(=O)O)cc2Br)ccc1O,1
CC(C)c1cc(Oc2c(Br)cc(CC(=O)N[C@@H](C)C(=O)O)cc2Br)ccc1O,1
CC(C)c1cc(Oc2c(Br)cc(CC(=O)NCC(=O)O)cc2Br)ccc1O,1
O=C(O)Cc1cc(Cl)c(Oc2ccc(O)c(C(=O)NCCc3ccccc3)c2)c(Cl)c1,1
O=C(O)Cc1cc(Br)c(Oc2ccc(O)c(C(=O)NCCc3ccccn3)c2)c(Br)c1,1
COc1ccccc1CCNC(=O)c1cc(Oc2c(Br)cc(CC(=O)O)cc2Br)ccc1O,1
COc1cccc(CCNC(=O)c2cc(Oc3c(Br)cc(CC(=O)O)cc3Br)ccc2O)c1,1
COc1ccc(CCNC(=O)c2cc(Oc3c(Br)cc(CC(=O)O)cc3Br)ccc2O)cc1,1
O=C(O)Cc1cc(Br)c(Oc2ccc(O)c(C(=O)NCC(c3ccccc3)c3ccccc3)c2)c(Br)c1,1
O=C(O)Cc1cc(Br)c(Oc2ccc(O)c(C(=O)NCCCCc3ccccc3)c2)c(Br)c1,1
O=C(O)Cc1cc(Br)c(Oc2ccc(O)c(C(=O)NCCCc3ccccc3)c2)c(Br)c1,1
O=C(O)Cc1cc(Br)c(Oc2ccc(O)c(C(=O)NCCc3ccccc3)c2)c(Br)c1,1
O=C(O)Cc1cc(Br)c(Oc2ccc(O)c(C(=O)NC(=O)c3ccccc3)c2)c(Br)c1,1
O=C(O)Cc1cc(Br)c(Oc2ccc(O)c(C(=O)Nc3ccccc3)c2)c(Br)c1,1
O=C(O)Cc1cc(Br)c(Oc2ccc(O)c(Oc3ccc(O)cc3)c2)c(Br)c1,1
O=C(O)Cc1cc(Br)c(Oc2ccc(O)c(Oc3cccc(O)c3)c2)c(Br)c1,1
O=C(O)Cc1cc(Br)c(Oc2ccc(O)c(Oc3ccccc3O)c2)c(Br)c1,1
O=C(O)Cc1cc(Br)c(Oc2ccc(O)c(Oc3cccc(-c4ccccc4)c3)c2)c(Br)c1,1
O=C(O)Cc1cc(Br)c(Oc2ccc(O)c(Oc3ccc(C(F)(F)F)cc3)c2)c(Br)c1,1
O=C(O)Cc1cc(Br)c(Oc2ccc(O)c(Oc3cccc(C(F)(F)F)c3)c2)c(Br)c1,1
O=C(O)Cc1cc(Br)c(Oc2ccc(O)c(Oc3ccccc3C(F)(F)F)c2)c(Br)c1,1
O=C(O)Cc1cc(Br)c(Oc2ccc(O)c(Oc3ccccc3)c2)c(Br)c1,1
O=C(O)Cc1cc(Cl)c(Oc2ccc(O)c(C3CCCCC3)c2)c(Cl)c1,1
O=C(O)Cc1cc(Cl)c(Oc2ccc(O)c(-c3nccs3)c2)c(Cl)c1,1
O=C(O)Cc1cc(Cl)c(Oc2ccc(O)c(-c3cncnc3)c2)c(Cl)c1,1
O=C(O)Cc1cc(Cl)c(Oc2ccc(O)c(-c3ccncc3)c2)c(Cl)c1,1
O=C(O)Cc1cc(Cl)c(Oc2ccc(O)c(-c3cccnc3)c2)c(Cl)c1,1
O=C(O)Cc1cc(Cl)c(Oc2ccc(O)c(-c3ccccn3)c2)c(Cl)c1,1
O=C(O)Cc1cc(Cl)c(Oc2ccc(O)c(-c3ccc(O)cc3)c2)c(Cl)c1,1
O=C(O)Cc1cc(Cl)c(Oc2ccc(O)c(-c3cccc(O)c3)c2)c(Cl)c1,1
O=C(O)Cc1cc(Cl)c(Oc2ccc(O)c(-c3ccccc3O)c2)c(Cl)c1,1
O=C(O)Cc1cc(Cl)c(Oc2ccc(O)c(-c3cccc(OC(F)(F)F)c3)c2)c(Cl)c1,1
O=C(O)Cc1cc(Cl)c(Oc2ccc(O)c(-c3cccc(OC(F)F)c3)c2)c(Cl)c1,1
COc1cccc(-c2cc(Oc3c(Cl)cc(CC(=O)O)cc3Cl)ccc2O)c1,1
O=C(O)Cc1cc(Cl)c(Oc2ccc(O)c(-c3cccc(-c4ccccc4)c3)c2)c(Cl)c1,1
CC(C)c1cccc(-c2cc(Oc3c(Cl)cc(CC(=O)O)cc3Cl)ccc2O)c1,1
O=C(O)Cc1cc(Cl)c(Oc2ccc(O)c(-c3ccc(C(F)(F)F)cc3)c2)c(Cl)c1,1
O=C(O)Cc1cc(Cl)c(Oc2ccc(O)c(-c3cccc(C(F)(F)F)c3)c2)c(Cl)c1,1
O=C(O)Cc1cc(Cl)c(Oc2ccc(O)c(-c3ccccc3)c2)c(Cl)c1,1
CC1(C)C2CCC(NC(=O)c3cc(Oc4c(Cl)cc(-n5ncc(=O)[nH]c5=O)cc4Cl)ccc3O)C1C2,1
CC1(C)C2CCC1(C)[C@H](NC(=O)c1cc(Oc3c(Cl)cc(-n4ncc(=O)[nH]c4=O)cc3Cl)ccc1O)C2,1
O=C(c1cc(Oc2c(Cl)cc(-n3ncc(=O)[nH]c3=O)cc2Cl)ccc1O)N1CCOCC1,1
O=C(NC1CCC1)c1cc(Oc2c(Cl)cc(-n3ncc(=O)[nH]c3=O)cc2Cl)ccc1O,1
O=C(NC1CCCCC1)c1cc(Oc2c(Cl)cc(-n3ncc(=O)[nH]c3=O)cc2Cl)ccc1O,1
O=C(c1cc(Oc2c(Cl)cc(-n3ncc(=O)[nH]c3=O)cc2Cl)ccc1O)N1CCCCC1,1
O=c1cnn(-c2cc(Cl)c(Oc3ccc(O)c(S(=O)(=O)N4C5CCC4CC4(CCCO4)C5)c3)c(Cl)c2)c(=O)[nH]1,1
O=c1cnn(-c2cc(Cl)c(Oc3ccc(O)c(S(=O)(=O)N4C5CCC4CC4(C5)OCCO4)c3)c(Cl)c2)c(=O)[nH]1,1
O=c1cnn(-c2cc(Cl)c(Oc3ccc(O)c(S(=O)(=O)N4CCc5ccccc54)c3)c(Cl)c2)c(=O)[nH]1,1
O=c1cnn(-c2cc(Cl)c(Oc3ccc(O)c(S(=O)(=O)NC4CCC4)c3)c(Cl)c2)c(=O)[nH]1,1
O=c1cnn(-c2cc(Cl)c(Oc3ccc(O)c(S(=O)(=O)NC4CCCCC4)c3)c(Cl)c2)c(=O)[nH]1,1
Cc1cc(-n2ncc(=O)[nH]c2=O)cc(Cl)c1Oc1ccc(O)c(S(=O)(=O)N2CCOCC2)c1,1
O=c1cnn(-c2cc(Cl)c(Oc3ccc(O)c(S(=O)(=O)N4CCCCC4)c3)c(Cl)c2)c(=O)[nH]1,1
Cc1cc(-n2ncc(=O)[nH]c2=O)cc(Cl)c1Oc1ccc(O)c(S(=O)(=O)N2CCCCC2)c1,1
Cc1cc(-n2ncc(=O)[nH]c2=O)cc(C)c1Oc1ccc(O)c(S(=O)(=O)N2CCCCC2)c1,1
CC(C)c1cc(Oc2c(I)cc(CC(N)C(=O)O)cc2I)ccc1O,1
O=c1cnn(-c2cc(Cl)c(Oc3ccc(O)c(S(=O)(=O)Nc4ccccc4)c3)c(Cl)c2)c(=O)[nH]1,1
CCCCCCc1ccc(C(=O)CCN(C)CCc2ccccc2)cc1,0
CCCCCCc1ccc(C(=O)CCNCCC)cc1,0
CCCCCCc1ccc(C(=O)CCN(C2CCCCC2)C2CCCCC2)cc1,0
CCCCCCc1ccc(C(=O)CCN(C)Cc2ccco2)cc1,0
CCCCCCc1ccc(C(=O)CCN(C)C)cc1,0
CCCCCCc1ccc(C(=O)CCN(CCCC)CCCC)cc1,0
CCCCCCc1ccc(C(=O)CCN2CCC(C(=O)OC)CC2)cc1,0
CCCCCCc1ccc(C(=O)CCN2CCOCC2)cc1,0
CCCCCCc1ccc(C(=O)CCN(C(C)C)C(C)C)cc1,0
CCCCCCc1ccc(C(=O)CCN(C)CCO)cc1,0
CCCCCCc1ccc(C(=O)CC)cc1,0
CCCCCCCc1ccc(C(=O)/C=C/c2ccccc2)cc1,0
C/C=C(\C)C(=O)c1ccc(CCCCCCC)cc1,0
CCCCCCCc1ccc(C(=O)C=C(C)C)cc1,0
C=C(C)C(=O)c1ccc(CCCCCCC)cc1,0
C/C=C/C(=O)c1ccc(CCCCCCC)cc1,0
CCCCCCc1ccc(C(=O)/C=C\C(=O)O)cc1,0
C=CC(=O)c1ccc(CCCCCC)cc1,0
CCCC(=O)Nc1cccc2c1CCCC2,0
C=CC(=O)c1ccc(NC(=O)CCC)cc1,0
C=CC(=O)Oc1ccccc1CCCCCC,0
C=CC(=O)Oc1ccc(CCCCC)cc1,0
C=CC(=O)Oc1ccc(CCC)cc1,0
C=CC(=O)[C@H]1CC[C@H](CC(C)(C)C)CC1,0
C=CC(=O)c1ccc(CCCCCCCC)cc1,0
C=CC(=O)c1ccc(CCCCCCC)cc1,0
C=CC(=O)c1ccc(CC(C)(C)C)cc1,0
C=CC(=O)c1ccc(CCCCC)cc1,0
C=CC(=O)c1ccc(CCCC)cc1,0
C=CC(=O)c1ccc(CCC)cc1,0
CCCCCCc1ccc(NC(=O)CCC(=O)O)cc1,0
C=C(CC(=O)Nc1ccc(CCCCCC)cc1)C(=O)O,0
CCCCCCc1ccc(NC(=O)/C=C/c2ccccc2)cc1,0
CCCCCCc1ccc(NC(=O)C=C(C)C)cc1,0
C/C=C/C(=O)Nc1ccc(CCCCCC)cc1,0
CCCCCCc1ccc(NC(=O)/C=C\C(=O)O)cc1,0
C=CC(=O)Nc1ccc(CCCCCC)cc1,0
CCCCCCc1ccc(C(=O)C2CO2)cc1,0
CCCCCCc1ccc(C(=O)CCCBr)cc1,0
CCCCCCc1ccc(C(=O)CCBr)cc1,0
CCCCCCc1ccc(C(=O)CF)cc1,0
CCCCCCc1ccc(C(=O)CCl)cc1,0
C#CC(=O)Oc1ccc(CCCCCC)cc1,0
C#CC(=O)Nc1ccc(CCCCCC)cc1,0
O=C(O)CCc1cc(Br)c(OCc2ccccc2)c(Br)c1,1
CCN(CC)c1cccc(COc2c(Br)cc(CCC(=O)O)cc2Br)c1,1
CCNc1cccc(COc2c(Br)cc(CCC(=O)O)cc2Br)c1,1
Nc1cccc(COc2c(Br)cc(CCC(=O)O)cc2Br)c1,1
O=C(O)CCc1cc(Br)c(OCc2cccc(Br)c2)c(Br)c1,1
O=C(O)CCc1cc(Br)c(OCc2cccc(Cl)c2)c(Br)c1,1
O=C(O)CCc1cc(Br)c(OCc2cccc(C(F)(F)F)c2)c(Br)c1,1
Cc1ccc(COc2c(Br)cc(CCC(=O)O)cc2Br)cc1,1
Cc1cccc(COc2c(Br)cc(CCC(=O)O)cc2Br)c1,1
Cc1ccccc1COc1c(Br)cc(CCC(=O)O)cc1Br,1
O=C(O)Cc1cc(Br)c(Oc2ccc(O)c(Cc3ccc(C(F)(F)F)cc3)c2)c(Br)c1,1
O=C(O)Cc1cc(Cl)c(Oc2ccc(O)c(-c3ccccc3C(F)(F)F)c2)c(Cl)c1,1
CC(C)c1cc(Oc2c(Br)cc3c(c2Br)CC(C(=O)O)N3)ccc1O,1
O=C(O)CCc1cc(Br)c(OC2CCCCC2)c(Br)c1,1
O=C(O)Cc1cc(Br)c(OC2CCCCC2)c(Br)c1,1
O=C(O)Cc1cc(Br)c(Oc2ccc(O)c(C(=O)NCc3ccccc3)c2)c(Br)c1,1
CCc1cccc(-c2cc(Oc3c(Cl)cc(CC(=O)O)cc3Cl)ccc2O)c1,1
O=C(O)Cc1cc(Cl)c(Oc2ccc(O)c(C(=O)NCc3ccccc3)c2)c(Cl)c1,1
CCCCCCS(=O)(=O)c1ccc(C(=O)CCN2CCN(S(=O)(=O)CC)CC2)c(Cl)c1,1
CCCCCCS(=O)(=O)c1ccc(C(=O)CCN2CCN(C(C)=O)CC2)c(Cl)c1,1
CCCCCCOc1cc(Cl)c(C(=O)CCN(C)C)cc1Cl,1
CCCCCCOc1ccc(C(=O)CCN2CCN(C(C)=O)CC2)c(Cl)c1Cl,1
CCCCCCOc1cc(Cl)c(C(=O)CCN2CCN(C(C)=O)CC2)c(Cl)c1,1
CCCCCCSc1ccc(C(=O)CCN2CCN(C(C)=O)CC2)c(Cl)c1,1
CCCCCCSc1cc(Cl)c(C(=O)CCN2CCNC(=O)C2)cc1Cl,1
CCCCCCS(=O)(=O)c1ccc(C(=O)CCN2CCOCC2)c(Cl)c1,1
CCCCCCS(=O)(=O)c1cc(Cl)c(C(=O)CCN2CCNC(=O)C2)cc1Cl,1
CCCCCCOc1cc(Cl)c(C(=O)CCN(C)C)c(Cl)c1,1
CCCCCCOc1ccc(C(=O)CCN2CCOCC2)c(Cl)c1Cl,1
CCCCCCSc1ccc(C(=O)CCN2CCN(S(=O)(=O)CC)CC2)c(Cl)c1Cl,1
CCCCCCSc1cc(Cl)c(C(=O)CCN2CCN(S(=O)(=O)CC)CC2)cc1Cl,1
CCCCCCS(=O)(=O)c1ccc(C(=O)CCN2CCNC(=O)C2)c(Cl)c1,1
CCCCCCS(=O)(=O)c1ccc(C(=O)CCN2CCOCC2)c(Cl)c1Cl,1
CCCCCCS(=O)(=O)c1cc(Cl)c(C(=O)CCN2CCN(C(C)=O)CC2)c(Cl)c1,1
CCCCCCOc1cc(Cl)c(C(=O)CCN2CCN(C(C)=O)CC2)cc1Cl,1
CCCCCCOc1cc(Cl)c(C(=O)CCN2CCOCC2)c(Cl)c1,1
CCCCCCOc1cc(Cl)c(C(=O)CCN2CCN(S(=O)(=O)CC)CC2)c(Cl)c1,1
CCCCCCSc1ccc(C(=O)CCN2CCOCC2)c(Cl)c1,1
CCCCCCSc1ccc(C(=O)CCN2CCNC(=O)C2)c(Cl)c1Cl,1
CCCCCCSc1cc(Cl)c(C(=O)CCN2CCN(C(C)=O)CC2)cc1Cl,1
CCCCCCS(=O)(=O)c1ccc(C(=O)CCN2CCNC(=O)C2)c(Cl)c1Cl,1
CCCCCCS(=O)(=O)c1cc(Cl)c(C(=O)CCN2CCN(C(C)=O)CC2)cc1Cl,1
CCCCCCS(=O)(=O)c1cc(Cl)c(C(=O)CCN2CCN(S(=O)(=O)CC)CC2)cc1Cl,1
CCCCCCS(=O)(=O)c1cc(Cl)c(C(=O)CCN2CCOCC2)c(Cl)c1,1
CCCCCCS(=O)(=O)c1cc(Cl)c(C(=O)CCN2CCN(S(=O)(=O)CC)CC2)c(Cl)c1,1
CCCCCCSc1ccc(C(=O)CCN2CCN(C(C)=O)CC2)c(Cl)c1Cl,1
CCCCCCSc1cc(C)c(C(=O)CCN2CCN(C(C)=O)CC2)c(C)c1,1
CCCCCCS(=O)(=O)c1ccc(C(=O)CCN2CCN(S(=O)(=O)CC)CC2)c(Cl)c1Cl,1
CCCCCCS(=O)(=O)c1cc(Cl)c(C(=O)CCN2CCOCC2)cc1Cl,1
CCCCCCS(=O)(=O)c1cc(C)c(C(=O)CCN2CCOCC2)c(C)c1,1
CCCCCCSc1cc(Cl)c(C(=O)CCN2CCOCC2)cc1Cl,1
CCCCCCS(=O)(=O)c1ccc(C(=O)CCN2CCN(C(C)=O)CC2)c(Cl)c1Cl,1
CCCCCCS(=O)(=O)c1cc(Cl)c(C(=O)CCN2CCNC(=O)C2)c(Cl)c1,1
CCCCCCOc1ccc(C(=O)CCN(C)C)c(Cl)c1Cl,0
CCCCCCSc1cc(Cl)c(C(=O)CCN2CCOCC2)c(Cl)c1,0
CCCCCCSc1cc(Cl)c(C(=O)CCN2CCN(C(C)=O)CC2)c(Cl)c1,0
CCCCCCS(=O)(=O)c1cc(Cl)c(C(=O)CCN(C)C)c(Cl)c1,0
CCCCCCS(=O)(=O)c1cc(C)c(C(=O)CCN(C)C)c(C)c1,0
CCCCCCOc1ccc(C(=O)CCN2CCN(C(C)=O)CC2)c(Cl)c1,0
CCCCCCOc1ccc(C(=O)CCN2CCNC(=O)C2)c(Cl)c1Cl,0
CCCCCCOc1ccc(C(=O)CCN2CCN(S(=O)(=O)CC)CC2)c(Cl)c1Cl,0
CCCCCCSc1cc(Cl)c(C(=O)CCN(C)C)cc1Cl,0
CCCCCCS(=O)(=O)c1ccc(C(=O)CCN2CC2C)c(Cl)c1Cl,0
CCCCCCS(=O)(=O)c1cc(C)c(C(=O)CCN2CCN(C(C)=O)CC2)c(C)c1,0
CCCCCCSc1ccc(C(=O)CCN(C)C)c(Cl)c1Cl,0
CCCCCCSc1ccc(C(=O)CCN2CCOCC2)c(Cl)c1Cl,0
CCCCCCSc1cc(Cl)c(C(=O)CCN2CCN(S(=O)(=O)CC)CC2)c(Cl)c1,0
CCCCCCOc1ccc(C(=O)CCN(C)C)c(Br)c1,0
CCCCCCOc1cc(Cl)c(C(=O)CCN2CCOCC2)cc1Cl,0
CCCCCCOc1cc(Cl)c(C(=O)CCN2CCNC(=O)C2)c(Cl)c1,0
CCCCCCSc1ccc(C(=O)CCN(C)C)c(Cl)c1,0
CCCCCCSc1cc(C)c(C(=O)CCN(C)C)c(C)c1,0
CCCCCCS(=O)(=O)c1cc(C)c(C(=O)CCN2CCN(S(=O)(=O)CC)CC2)c(C)c1,0
CCCCCCOc1ccc2c(c1)OCC(CN(C)C)C2=O,0
CCCCCCSc1cc(C)c(C(=O)CCN2CCOCC2)c(C)c1,0
CCCCCCOc1cc(C)c(C(=O)CCN(C)C)c(C)c1,1
CCCCCCOc1ccc2c(c1)CC(CN(C)C)C2=O,0
CCCCCCOc1cc(Cl)c(C(=O)CCN2CCN(S(=O)(=O)CC)CC2)cc1Cl,0
CCCCCCSc1ccc(C(=O)CCN2CCN(S(=O)(=O)CC)CC2)c(Cl)c1,0
CCCCCCSc1cc(Cl)c(C(=O)CCN(C)C)c(Cl)c1,0
CCCCCCSc1cc(Cl)c(C(=O)CCN2CCNC(=O)C2)c(Cl)c1,0
CCCCCCS(=O)(=O)c1cc(Cl)c(C(=O)CCN2CC2C)cc1Cl,0
CCCCCCOc1cc(C(C)C)c(C(=O)CCN(C)C)cc1C,0
CCCCCCOc1ccc(C(=O)CCN(C)C)c(Cl)c1,0
CCCCCCOc1ccc(C(=O)CCN2CCOCC2)c(Cl)c1,0
CCCCCCOc1ccc(C(=O)CCN(C)C)c(C(F)(F)F)c1,0
CCCCCCOc1cc(C)c(C(=O)CCN2CCN(C(C)=O)CC2)c(C)c1,0
CCCCCCOc1ccc(C(=O)CCN2CCN(S(=O)(=O)CC)CC2)c(Cl)c1,0
CCCCCCOc1cc(Cl)c(C(=O)CCN2CCNC(=O)C2)cc1Cl,0
CCCCCCOc1cc(C)c(C(=O)CCN2CCOCC2)c(C)c1,0
CCCCCCSc1ccc(C(=O)CCN2CCNC(=O)C2)c(Cl)c1,0
CCCCCCOc1ccc(C(=O)CCN(C)C)c(I)c1,0
CCCCCCS(=O)(=O)c1cc(Cl)c(C(=O)CCN(C)C)cc1Cl,0
CCCCCCS(=O)(=O)c1cc(Cl)c(C(=O)CCN2CC2C)c(Cl)c1,0
CCCCCCOc1ccc2c(c1)CCC(CN(C)C)C2=O,0
CCCCCCS(=O)(=O)c1ccc(C(=O)CCN2CC2C)c(Cl)c1,0
CCCCCCOc1ccc(C(=O)CCN(C)C)c(S(C)(=O)=O)c1,0
CCCCCCSc1cc(Cl)c(C(=O)CCN2CC2C)c(Cl)c1,0
CCCCCCOc1ccc(C(=O)CCN(C)C)cc1Br,0
CCCCCCOc1ccc(C(=O)CCN(C)C)cc1I,0
CCCCCCOc1ccc(C(=O)CCN(C)C)cc1C(F)(F)F,0
CCCCCCOc1ccc(C(=O)CCN(CCCC)CCCC)cc1,0
CCCCCCS(=O)(=O)c1ccc(C(=O)CCN(C)C)c(Cl)c1Cl,0
CCCCCCOc1ccc(C(=O)CCN(C)C)cc1[N+](=O)[O-],0
CCCCCCS(=O)(=O)c1cc(C)c(C(=O)CCN2CC2C)c(C)c1,0
CCCCCCSc1ccc(C(=O)CCN2CC2C)c(Cl)c1Cl,0
CCCCCCS(=O)(=O)c1ccc(C(=O)CCN(C)C)c(Cl)c1,0
CCCCCCOc1ccc(C(=O)CCN2CCN(c3ccccc3)CC2)cc1,0
CCCCCCOc1ccc(C(=O)CCN(C)C)c2ccccc12,0
CCCCCCOc1cc(C)c(C(=O)CCN2CCN(S(=O)(=O)CC)CC2)c(C)c1,0
CCCCCCSc1cc(C)c(C(=O)CCN2CCN(S(=O)(=O)CC)CC2)c(C)c1,0
CCCCCCOc1ccc(C(=O)CCN2CCOCC2)cc1,0
CCCCCCSc1cc(Cl)c(C(=O)CCN2CC2C)cc1Cl,0
CCCCCCOc1ccc(C(=O)CCN(C)C)cc1Cl,0
CCCCCCOc1ccc(C(=O)CCN2CC2C)c(Cl)c1,0
CCCCCCOc1ccc(C(=O)CCN(C)C)cc1F,0
CCCCCCOc1cc(Cl)c(C(=O)CCN2CC2C)c(Cl)c1,0
CCCCCCOc1ccc(C(=O)CCN2CCNC(=O)C2)c(Cl)c1,0
CCCCCCS(=O)(=O)c1ccc(C(=O)CCN(C)C)cc1,0
CCCCCCOc1ccc(C(=O)CCN(C)C)cc1C(C)(C)C,0
CCCCCCOc1c(C)cc(C(=O)CCN(C)C)cc1C,0
CCCCCCOc1ccc(C(=O)CCN2CC2C)c(Cl)c1Cl,0
CCCCCCOc1cc(Cl)c(C(=O)CCN2CC2C)cc1Cl,0
CCCCCCOc1ccc(C(=O)CCN(C)C)cc1SC,0
CCCCCCOc1ccc(C(=O)CCN(C)C)c(C)c1,0
CCCCCCSc1cc(C)c(C(=O)CCN2CC2C)c(C)c1,0
CCCCCCSc1ccc(C(=O)CCN2CC2C)c(Cl)c1,0
CCCCCCS(=O)(=O)c1cc(C)c(C(=O)CCN2CCNC(=O)C2)c(C)c1,0
CCCCCCOc1ccc(C(=O)CCN2CCN(C)CC2)cc1,0
CCCCCCSc1ccc(C(=O)CCN(C)C)cc1,0
CCCCCCOc1cc(C)c(C(=O)CCN2CC2C)c(C)c1,0
CCCCCCOc1ccc(C(=O)CCN(C)C)cc1OC,0
CCCCCCOc1cccc(C(=O)CCN(C)C)c1,0
CCCCCCNC(=O)c1ccc(C(=O)CCN(C)C)cc1,0
CCCCCCOc1ccc(C(=O)CCN(C)C)cc1S(C)(=O)=O,0
CCCCCCOc1ccc(C(=O)CCN2CCCCC2)cc1,0
CCCCCCOc1ccc(C(=O)CCN(C)C)cc1C,0
CCCCCCOc1ccc(C(=O)CCN(C)C)c(SC)c1,0
CCCCCCSc1cc(C)c(C(=O)CCN2CCNC(=O)C2)c(C)c1,0
CCCCCC(=O)Nc1ccc(C(=O)CCN(C)C)cc1,0
CCCCCCOc1ccc(C(=O)CCN(C)C)cc1-c1ccccc1,0
CCCCCCOc1ccc(C(=O)CCN(C)C)cc1,0
CCCCCCOc1ccc(C(=O)CCN2CCCC2)cc1,0
CCCCCCOc1cc(C)c(C(=O)CCN2CCNC(=O)C2)c(C)c1,0
CCCCCCOc1ccc(C(=O)CCN2CC2C)cc1,0
CCCCCCOc1ccc(C(=O)CCN(C)C)c(OC)c1,0
CCCCCCOc1cc(C)ccc1C(=O)CCN(C)C,0
CCCCCCOc1ccc(C(=O)CCN(C)C)c(N(C)C)c1,0
CCCCCCOc1ccc(C(=O)CCN(C)C)cc1Cc1ccccc1,0
CCCCCCOc1ccc(-c2ccc(C(=O)CCN(C)C)cc2)cc1,0
CCCCCCOc1ccc2cc(C(=O)CCN(C)C)ccc2c1,0
CCCCCCOc1ccc(C(=O)C(C)CN(C)C)cc1,0
CCCCCCOc1ccc(C(=O)C(CN(C)C)C(C)C)cc1,0
CCCCCCOc1ccc(C(=O)C(CN(C)C)c2ccccc2)cc1,0
CCCCCCOc1ccc(C(=O)CCN(C)c2ccccc2)cc1,0
CCCCCCOc1ccc(C(=O)CCNc2ccccc2)cc1,0
CCCCCCOc1ccc(C(=O)CCNc2cccc(Cl)c2)cc1,0
CCCCCCOc1ccc(C(=O)CCn2ccnc2)cc1,0
CCCCCCOc1ccc(C(=O)CCN2C(=O)CCC2=O)cc1,0
CCOCCOc1ccc(C(=O)CCN(C)C)cc1,0
CCN1CCC(Cc2ccc(C(=O)CCN(C)C)cc2)CC1,0
CCCN1CCN(c2ccc(C(=O)CCN(C)C)cc2)CC1,0
CCCCCS(=O)(=O)Nc1ccc(C(=O)CCN(C)C)cc1,0
CCCCNC(=O)Nc1ccc(C(=O)CCN(C)C)cc1,0
CCCCCCCc1ccc(C(=O)CCN(C)C)cc1,0
CS(=O)(=O)c1ccc(C(=O)OCC(=O)NC23CC4CC(CC(C4)C2)C3)cc1[N+](=O)[O-],0
CC1CCN(C(=O)c2sc(-c3ccc(S(C)(=O)=O)c([N+](=O)[O-])c3)nc2C(F)(F)F)CC1,1
CS(=O)(=O)c1ccc(-c2nc(C(F)(F)F)c(C(=O)N3CCCCC3)s2)cc1[N+](=O)[O-],1
CS(=O)(=O)c1ccc(-c2ncc(C(=O)N3CCCCC3)s2)cc1[N+](=O)[O-],0
CS(=O)(=O)c1ccc(-c2nc(-c3ccccc3)c(C(=O)N3CCCCC3)s2)cc1[N+](=O)[O-],0
CCc1nc(-c2ccc(S(C)(=O)=O)c([N+](=O)[O-])c2)sc1C(=O)N1CCCCC1,0
CS(=O)(=O)c1ccc(-c2ncc(C(=O)NC34CC5CC(CC(C5)C3)C4)s2)cc1[N+](=O)[O-],0
Cc1nc(-c2ccc(S(C)(=O)=O)c([N+](=O)[O-])c2)sc1C(=O)N1CCCCC1,0
CC1(C)CC2CC(C)(CN2C(=O)c2sc(-c3ccc(S(C)(=O)=O)c([N+](=O)[O-])c3)nc2C(F)(F)F)C1,0
CCc1nc(-c2ccc(S(C)(=O)=O)c([N+](=O)[O-])c2)sc1C(=O)N1CC2(C)CC1CC(C)(C)C2,0
CN(Cc1cccc(F)c1)C(=O)c1sc(-c2ccc(S(C)(=O)=O)c([N+](=O)[O-])c2)nc1C(F)(F)F,0
CN(Cc1ccccc1)C(=O)c1sc(-c2ccc(S(C)(=O)=O)c([N+](=O)[O-])c2)nc1C(F)(F)F,0
CN(Cc1ccccc1F)C(=O)c1sc(-c2ccc(S(C)(=O)=O)c([N+](=O)[O-])c2)nc1C(F)(F)F,0
CS(=O)(=O)c1ccc(-c2nc(C(F)(F)F)c(C(=O)N3CCc4ccccc4C3)s2)cc1[N+](=O)[O-],0
CC1Cc2ccccc2N1C(=O)c1sc(-c2ccc(S(C)(=O)=O)c([N+](=O)[O-])c2)nc1C(F)(F)F,0
Cc1nc(-c2ccc(S(C)(=O)=O)c([N+](=O)[O-])c2)sc1C(=O)N1CC2(C)CC1CC(C)(C)C2,0
Cc1nc(-c2ccc(S(C)(=O)=O)c([N+](=O)[O-])c2)sc1C(=O)N1CCC(C)CC1,0
CCCN(C(=O)c1csc(-c2ccc(S(C)(=O)=O)c([N+](=O)[O-])c2)n1)c1ccccc1,0
CN(Cc1cccc(F)c1)C(=O)c1cnc(-c2ccc(S(C)(=O)=O)c([N+](=O)[O-])c2)s1,0
COc1cc(O)c(C(CC(=O)N2C[C@H](C)C[C@H](C)C2)c2ccc3c(c2)OCO3)c(OC)c1,0
CC1Cc2ccccc2N1C(=O)C1CCN(C(=O)c2ccc(S(C)(=O)=O)c([N+](=O)[O-])c2)CC1,0
CS(=O)(=O)c1ccc(C(=O)N2CCC(C(=O)N3Cc4ccccc4C3)CC2)cc1[N+](=O)[O-],0
CS(=O)(=O)c1ccc(C(=O)N2CCC(C(=O)N3CCc4ccccc43)CC2)cc1[N+](=O)[O-],0
CN1CCN(C(=O)C2CCN(C(=O)c3ccc(S(C)(=O)=O)c([N+](=O)[O-])c3)CC2)CC1,0
CC1CCN(C(=O)C2CCN(C(=O)c3ccc(S(C)(=O)=O)c([N+](=O)[O-])c3)CC2)CC1,0
CS(=O)(=O)c1ccc(C(=O)N2CCC(C(=O)N3CCCCC3)CC2)cc1[N+](=O)[O-],0
CS(=O)(=O)c1ccc(C(=O)N2CCC(C(=O)N3CCN(c4ccc(F)cc4)CC3)CC2)cc1[N+](=O)[O-],0
CS(=O)(=O)c1ccc(C(=O)N2CCC(C(=O)N3CCN(c4ccccc4F)CC3)CC2)cc1[N+](=O)[O-],0
Cc1ccc(N2CCN(C(=O)C3CCN(C(=O)c4ccc(S(C)(=O)=O)c([N+](=O)[O-])c4)CC3)CC2)cc1,0
CS(=O)(=O)c1ccc(C(=O)N2CCC(C(=O)N3CCN(c4ccccc4)CC3)CC2)cc1[N+](=O)[O-],0
CC(C)N(C(=O)C1CCN(C(=O)c2ccc(S(C)(=O)=O)c([N+](=O)[O-])c2)CC1)C(C)C,0
CS(=O)(=O)c1ccc(C(=O)N2CCC(C(=O)N3CCC(c4ccccc4)CC3)CC2)cc1[N+](=O)[O-],0
CS(=O)(=O)c1ccc(C(=O)N2CCC(C(=O)N(Cc3ccccc3)Cc3ccccc3)CC2)cc1[N+](=O)[O-],0
CN(Cc1cccc(F)c1)C(=O)C1CCN(C(=O)c2ccc(S(C)(=O)=O)c([N+](=O)[O-])c2)CC1,0
CN(Cc1ccccc1F)C(=O)C1CCN(C(=O)c2ccc(S(C)(=O)=O)c([N+](=O)[O-])c2)CC1,0
CN(Cc1ccccc1)C(=O)C1CCN(C(=O)c2ccc(S(C)(=O)=O)c([N+](=O)[O-])c2)CC1,0
CS(=O)(=O)c1ccc(C(=O)N2CCC(C(=O)N(Cc3ccccc3)c3ccccc3)CC2)cc1[N+](=O)[O-],0
CS(=O)(=O)c1ccc(C(=O)N2CCC(C(=O)N3CCc4ccccc4C3)CC2)cc1[N+](=O)[O-],0
CS(=O)(=O)c1ccc(C(=O)N2CCC(C(=O)NC34CC5CC(CC(C5)C3)C4)CC2)cc1[N+](=O)[O-],0
CC1Cc2ccccc2N1C(=O)CN(C)C(=O)c1ccc(S(C)(=O)=O)c([N+](=O)[O-])c1,0
CN(CC(=O)N1Cc2ccccc2C1)C(=O)c1ccc(S(C)(=O)=O)c([N+](=O)[O-])c1,0
CN(CC(=O)N1CCc2ccccc21)C(=O)c1ccc(S(C)(=O)=O)c([N+](=O)[O-])c1,0
CC1CCN(C(=O)CN(C)C(=O)c2ccc(S(C)(=O)=O)c([N+](=O)[O-])c2)CC1,0
CN(CC(=O)N1CCCCC1)C(=O)c1ccc(S(C)(=O)=O)c([N+](=O)[O-])c1,0
CN(CC(=O)N1CCN(c2ccc(C(F)(F)F)cc2)CC1)C(=O)c1ccc(S(C)(=O)=O)c([N+](=O)[O-])c1,0
CN(CC(=O)N1CCN(c2ccc(F)cc2)CC1)C(=O)c1ccc(S(C)(=O)=O)c([N+](=O)[O-])c1,0
CN(CC(=O)N1CCN(c2ccccc2F)CC1)C(=O)c1ccc(S(C)(=O)=O)c([N+](=O)[O-])c1,0
Cc1ccc(N2CCN(C(=O)CN(C)C(=O)c3ccc(S(C)(=O)=O)c([N+](=O)[O-])c3)CC2)cc1,0
CN(CC(=O)N1CCN(c2ccccc2)CC1)C(=O)c1ccc(S(C)(=O)=O)c([N+](=O)[O-])c1,0
CN(CC(=O)N1CCC(c2ccccc2)CC1)C(=O)c1ccc(S(C)(=O)=O)c([N+](=O)[O-])c1,0
CN(CC(=O)N(Cc1ccccc1)Cc1ccccc1)C(=O)c1ccc(S(C)(=O)=O)c([N+](=O)[O-])c1,0
CN(Cc1cccc(F)c1)C(=O)CN(C)C(=O)c1ccc(S(C)(=O)=O)c([N+](=O)[O-])c1,0
CN(Cc1ccccc1F)C(=O)CN(C)C(=O)c1ccc(S(C)(=O)=O)c([N+](=O)[O-])c1,0
CN(Cc1ccccc1)C(=O)CN(C)C(=O)c1ccc(S(C)(=O)=O)c([N+](=O)[O-])c1,0
CCCN(C(=O)CN(C)C(=O)c1ccc(S(C)(=O)=O)c([N+](=O)[O-])c1)c1ccccc1,0
CN(CC(=O)N1CCc2ccccc2C1)C(=O)c1ccc(S(C)(=O)=O)c([N+](=O)[O-])c1,0
CN(CC(=O)NC12CC3CC(CC(C3)C1)C2)C(=O)c1ccc(S(C)(=O)=O)c([N+](=O)[O-])c1,0
CC1Cc2ccccc2N1C(=O)CCCNC(=O)c1ccc(S(C)(=O)=O)c([N+](=O)[O-])c1,0
CS(=O)(=O)c1ccc(C(=O)NCCCC(=O)N2Cc3ccccc3C2)cc1[N+](=O)[O-],0
CS(=O)(=O)c1ccc(C(=O)NCCCC(=O)N2CCc3ccccc32)cc1[N+](=O)[O-],0
CC1CCN(C(=O)CCCNC(=O)c2ccc(S(C)(=O)=O)c([N+](=O)[O-])c2)CC1,0
CS(=O)(=O)c1ccc(C(=O)NCCCC(=O)N2CCCCC2)cc1[N+](=O)[O-],0
CS(=O)(=O)c1ccc(C(=O)NCCCC(=O)N2CCN(c3ccc(C(F)(F)F)cc3)CC2)cc1[N+](=O)[O-],0
CS(=O)(=O)c1ccc(C(=O)NCCCC(=O)N2CCN(c3ccc(F)cc3)CC2)cc1[N+](=O)[O-],0
CS(=O)(=O)c1ccc(C(=O)NCCCC(=O)N2CCN(c3ccccc3F)CC2)cc1[N+](=O)[O-],0
Cc1ccc(N2CCN(C(=O)CCCNC(=O)c3ccc(S(C)(=O)=O)c([N+](=O)[O-])c3)CC2)cc1,0
CS(=O)(=O)c1ccc(C(=O)NCCCC(=O)N2CCN(c3ccccc3)CC2)cc1[N+](=O)[O-],0
CS(=O)(=O)c1ccc(C(=O)NCCCC(=O)N2CCC(c3ccccc3)CC2)cc1[N+](=O)[O-],0
CS(=O)(=O)c1ccc(C(=O)NCCCC(=O)N(Cc2ccccc2)Cc2ccccc2)cc1[N+](=O)[O-],0
CN(Cc1cccc(F)c1)C(=O)CCCNC(=O)c1ccc(S(C)(=O)=O)c([N+](=O)[O-])c1,0
CN(Cc1ccccc1F)C(=O)CCCNC(=O)c1ccc(S(C)(=O)=O)c([N+](=O)[O-])c1,0
CN(Cc1ccccc1)C(=O)CCCNC(=O)c1ccc(S(C)(=O)=O)c([N+](=O)[O-])c1,0
CCCN(C(=O)CCCNC(=O)c1ccc(S(C)(=O)=O)c([N+](=O)[O-])c1)c1ccccc1,0
CN(C(=O)CCCNC(=O)c1ccc(S(C)(=O)=O)c([N+](=O)[O-])c1)c1ccccc1,0
CS(=O)(=O)c1ccc(C(=O)NCCCC(=O)N2CCc3ccccc3C2)cc1[N+](=O)[O-],0
CS(=O)(=O)c1ccc(C(=O)NCCCC(=O)NC23CC4CC(CC(C4)C2)C3)cc1[N+](=O)[O-],0
CS(=O)(=O)c1ccc(C(=O)NCCC(=O)N2CCCc3ccccc32)cc1[N+](=O)[O-],0
CC1Cc2ccccc2N1C(=O)CCNC(=O)c1ccc(S(C)(=O)=O)c([N+](=O)[O-])c1,0
CS(=O)(=O)c1ccc(C(=O)NCCC(=O)N2Cc3ccccc3C2)cc1[N+](=O)[O-],0
CS(=O)(=O)c1ccc(C(=O)NCCC(=O)N2CCc3ccccc32)cc1[N+](=O)[O-],0
CC1CCN(C(=O)CCNC(=O)c2ccc(S(C)(=O)=O)c([N+](=O)[O-])c2)CC1,0
CS(=O)(=O)c1ccc(C(=O)NCCC(=O)N2CCCCC2)cc1[N+](=O)[O-],0
CS(=O)(=O)c1ccc(C(=O)NCCC(=O)N2CCN(c3ccc(C(F)(F)F)cc3)CC2)cc1[N+](=O)[O-],0
CS(=O)(=O)c1ccc(C(=O)NCCC(=O)N2CCN(c3ccc(F)cc3)CC2)cc1[N+](=O)[O-],0
CS(=O)(=O)c1ccc(C(=O)NCCC(=O)N2CCN(c3ccccc3F)CC2)cc1[N+](=O)[O-],0
Cc1ccc(N2CCN(C(=O)CCNC(=O)c3ccc(S(C)(=O)=O)c([N+](=O)[O-])c3)CC2)cc1,0
CS(=O)(=O)c1ccc(C(=O)NCCC(=O)N2CCN(c3ccccc3)CC2)cc1[N+](=O)[O-],0
CC(C)N(C(=O)CCNC(=O)c1ccc(S(C)(=O)=O)c([N+](=O)[O-])c1)C(C)C,0
CS(=O)(=O)c1ccc(C(=O)NCCC(=O)N2CCC(c3ccccc3)CC2)cc1[N+](=O)[O-],0
CS(=O)(=O)c1ccc(C(=O)NCCC(=O)N(Cc2ccccc2)Cc2ccccc2)cc1[N+](=O)[O-],0
CN(Cc1cccc(F)c1)C(=O)CCNC(=O)c1ccc(S(C)(=O)=O)c([N+](=O)[O-])c1,0
CN(Cc1ccccc1F)C(=O)CCNC(=O)c1ccc(S(C)(=O)=O)c([N+](=O)[O-])c1,0
CN(Cc1ccccc1)C(=O)CCNC(=O)c1ccc(S(C)(=O)=O)c([N+](=O)[O-])c1,0
CCCN(C(=O)CCNC(=O)c1ccc(S(C)(=O)=O)c([N+](=O)[O-])c1)c1ccccc1,0
CN(C(=O)CCNC(=O)c1ccc(S(C)(=O)=O)c([N+](=O)[O-])c1)c1ccccc1,0
CS(=O)(=O)c1ccc(C(=O)NCCC(=O)N2CCc3ccccc3C2)cc1[N+](=O)[O-],0
CS(=O)(=O)c1ccc(C(=O)NCCC(=O)NC23CC4CC(CC(C4)C2)C3)cc1[N+](=O)[O-],0
CN1CCN(C(=O)CNC(=O)c2ccc(S(C)(=O)=O)c([N+](=O)[O-])c2)CC1,0
CC1CCN(C(=O)CNC(=O)c2ccc(S(C)(=O)=O)c([N+](=O)[O-])c2)CC1,0
CS(=O)(=O)c1ccc(C(=O)NCC(=O)N2CCCCC2)cc1[N+](=O)[O-],0
CS(=O)(=O)c1ccc(C(=O)NCC(=O)N2CCN(c3ccc(C(F)(F)F)cc3)CC2)cc1[N+](=O)[O-],0
CS(=O)(=O)c1ccc(C(=O)NCC(=O)N2CCN(c3ccc(F)cc3)CC2)cc1[N+](=O)[O-],0
CS(=O)(=O)c1ccc(C(=O)NCC(=O)N2CCN(c3ccccc3F)CC2)cc1[N+](=O)[O-],0
CS(=O)(=O)c1ccc(C(=O)NCC(=O)N2CCN(c3ccccc3)CC2)cc1[N+](=O)[O-],0
CC(C)N(C(=O)CNC(=O)c1ccc(S(C)(=O)=O)c([N+](=O)[O-])c1)C(C)C,0
CS(=O)(=O)c1ccc(C(=O)NCC(=O)N2CCC(c3ccccc3)CC2)cc1[N+](=O)[O-],0
CS(=O)(=O)c1ccc(C(=O)NCC(=O)N(Cc2ccccc2)Cc2ccccc2)cc1[N+](=O)[O-],0
CN(Cc1cccc(F)c1)C(=O)CNC(=O)c1ccc(S(C)(=O)=O)c([N+](=O)[O-])c1,0
CN(Cc1ccccc1F)C(=O)CNC(=O)c1ccc(S(C)(=O)=O)c([N+](=O)[O-])c1,0
CN(Cc1ccccc1)C(=O)CNC(=O)c1ccc(S(C)(=O)=O)c([N+](=O)[O-])c1,0
CS(=O)(=O)c1ccc(C(=O)NCC(=O)N(Cc2ccccc2)c2ccccc2)cc1[N+](=O)[O-],0
CCCN(C(=O)CNC(=O)c1ccc(S(C)(=O)=O)c([N+](=O)[O-])c1)c1ccccc1,0
CN(C(=O)CNC(=O)c1ccc(S(C)(=O)=O)c([N+](=O)[O-])c1)c1ccccc1,0
CS(=O)(=O)c1ccc(C(=O)NCC(=O)N2CCc3ccccc3C2)cc1[N+](=O)[O-],0
CS(=O)(=O)c1ccc(C(=O)NCC(=O)NC23CC4CC(CC(C4)C2)C3)cc1[N+](=O)[O-],0
Cc1ccc2c(C(Nc3ccc(OC(F)(F)F)cc3)c3ccccc3Cl)c(C)[nH]c2c1,0
Cc1c(C(=O)NCC(=O)O)c2ccccc2n1Cc1ccc(O)c(C(C)C)c1,0
Cc1c(CC(=O)NCC(=O)O)c2ccccc2n1Cc1ccc(O)c(C(C)C)c1,1
Cc1c(CCCCC(=O)O)c2ccccc2n1Cc1ccc(O)c(C(C)C)c1,0
Cc1c(CCCC(=O)O)c2ccccc2n1Cc1ccc(O)c(C(C)C)c1,1
Cc1c(CCC(=O)O)c2ccccc2n1Cc1ccc(O)c(C(C)C)c1,1
Cc1ccc(NC(=O)CC(=O)O)c2ccn(Cc3ccc(O)c(C(C)C)c3)c12,1
Cc1cc2c(NC(=O)CC(=O)O)cccc2n1Cc1ccc(O)c(C(C)C)c1,1
CC(C)c1cc(Cn2ccc3c(NC(=O)C(=O)O)cccc32)ccc1O,1
Cc1ccc(NC(=O)C(=O)O)c2ccn(Cc3ccc(O)c(C(C)C)c3)c12,1
Cc1cc2cc(NC(=O)C(=O)O)ccc2n1Cc1ccc(O)c(C(C)C)c1,0
Cc1cc2c(NC(=O)C(=O)O)cccc2n1Cc1ccc(O)c(C(C)C)c1,1
CCn1c(CCCc2ccc(-c3ccc(NS(=O)(=O)c4ccccc4)cn3)cc2)nn(Cc2ccc(C(C)(C)C)cc2)c1=O,0
CCn1c(CCCc2ccc(-c3ccc(NS(=O)(=O)c4ccc(-c5ccc(OC)cc5)cc4)cc3)cc2)nn(Cc2ccc(C(C)(C)C)cc2)c1=O,0
COC(=O)Cc1ccc(OCc2oc(-c3cccc(OC)c3)nc2C)cc1,1
COC(=O)c1ccc(OCc2oc(-c3cccc(OC)c3)nc2C)cc1,0
COC(=O)Cc1ccc(OCc2oc(-c3ccccc3OC)nc2C)cc1,0
COC(=O)c1cccc(OCc2oc(-c3ccccc3OC)nc2C)c1,0
NC(Cc1cc(I)c(Oc2ccc(O)c(I)c2)c(I)c1)C(=O)O,1
COc1cc(C(=O)N2CCCC2)cc2nc(NCc3cccc(Cl)c3)oc12,1
CCCN(CC1CCOC1)C(=O)c1cc(OC)c2oc(NCc3cccc(Cl)c3)nc2c1,1
COc1cc(C(=O)N2CCCC2(C)C)cc2nc(NCc3cccc(Cl)c3)oc12,1
COc1cc(C(=O)N2CCC(C)(C)C2)cc2nc(NCc3cccc(Cl)c3)oc12,1
COc1cc(C(=O)N2CCOCC2)cc2nc(NCc3cccc(Cl)c3)oc12,1
COc1cc(C(=O)N2CCOC(C)(C)C2)cc2nc(NCc3cccc(Cl)c3)oc12,1
COc1cc(C(=O)N2CCC(O)CC2)cc2nc(NCc3cccc(Cl)c3)oc12,1
COc1cc(C(=O)N2CC[C@@H](O)C(C)(C)C2)cc2nc(NCc3cccc(Cl)c3)oc12,1
COc1cc(C(=O)N2CC[C@@H](O)[C@H](C)C2)cc2nc(NCc3cccc(Cl)c3)oc12,1
COc1cc(C(=O)N2CC[C@H](O)[C@@H](C)C2)cc2nc(NCc3cccc(Cl)c3)oc12,1
COc1cc(C(=O)N2CCC(O)C(C)C2)cc2nc(NCc3cccc(Cl)c3)oc12,1
COc1cc(C(=O)N2CCC(O)C(C)C2)cc2nc(NCc3cc(Cl)ccn3)oc12,1
COc1cc(C(=O)N2CCC(O)C(C)C2)cc2nc(NCc3cncc(Cl)c3)oc12,0
COc1cc(C(=O)N2CCC(O)C(C)C2)cc2nc(NCc3ccnc(Cl)c3)oc12,0
COc1cc(C(=O)N2CCC(O)C(C)C2)cc2nc(NCc3cccc(Cl)n3)oc12,1
COc1cc(C(=O)N2CCC(O)C(C)C2)cc2nc(NCc3cc(Cl)ccc3F)oc12,1
COc1cc(C(=O)N2CCC(O)C(C)C2)cc2nc(NCc3cc(Cl)ccc3O)oc12,1
COc1cc(C(=O)N2CCC(O)C(C)C2)cc2nc(N[C@@H](C)c3cccc(Cl)c3)oc12,0
COc1cc(C(=O)N2CCC(O)C(C)C2)cc2nc(N[C@H](C)c3cccc(Cl)c3)oc12,1
COc1cc(C(=O)N2CCC(O)C(C)C2)cc2nc(NC(c3cccc(Cl)c3)C(F)(F)F)oc12,1
COc1cc(C(=O)N2CCC(O)C(C)C2)cc2nc(NC3(c4cccc(Cl)c4)CC3)oc12,1
COc1cc(C(=O)N2CCC(O)C(C)C2)cc2nc(NC3(c4cccc(Cl)c4)CCC3)oc12,0
COc1cc(C(=O)N2CCC(O)C(C)C2)cc2oc(NCc3cccc(Cl)c3)nc12,0
COc1cc(C(=O)N2CCC(O)C(C)C2)cn2nc(NCc3cccc(Cl)c3)nc12,1
COc1cc(C(=O)N2CC(C)C(O)CC2C)cc2nc(NCc3cccc(Cl)c3)oc12,1
CCC1CC(O)C(C)CN1C(=O)c1cc(OC)c2oc(NCc3cccc(Cl)c3)nc2c1,1
COc1cc(C(=O)N2CC(C)C(O)CC2C2CC2)cc2nc(NCc3cccc(Cl)c3)oc12,1
COc1cc(C(=O)N2CC(C)C(O)CC2CCO)cc2nc(NCc3cccc(Cl)c3)oc12,1
COc1cc(C(=O)N2CC(C)CCC2CCO)cc2nc(NCc3cccc(Cl)c3)oc12,1
COc1cc(C(=O)N2CCOC(C)(CCO)C2)cc2nc(N[C@H](C)c3cccc(Cl)c3)oc12,1
COc1cc(C(=O)N2CC(C)(CCO)OC[C@H]2C)cc2nc(N[C@H](C)c3cccc(Cl)c3)oc12,1
CC[C@@H]1CO[C@@](C)(CCO)CN1C(=O)c1cc(OC)c2oc(N[C@H](C)c3cccc(Cl)c3)nc2c1,1
COc1cc(C(=O)N2CC(C)OCC2CO)cc2nc(N[C@H](C)c3cccc(Cl)c3)oc12,1
COc1cc(C(=O)N2C[C@H](C)OC[C@@H]2CCO)cc2nc(N[C@H](C)c3cccc(Cl)c3)oc12,1
COc1cc(C(=O)N2C[C@@H](C)OC[C@H]2CCO)cc2nc(N[C@H](C)c3cccc(Cl)c3)oc12,1
COc1cc(C(=O)N2CC(C)OCC2C2CC(O)C2)cc2nc(N[C@H](C)c3cccc(Cl)c3)oc12,1
COc1cc(C(=O)N2CC(C)(CCO)OC[C@H]2C)cc2nc(NCc3cc(Cl)ccn3)oc12,1
COc1cc(C(=O)N2CC(C)OCC2CCO)cc2nc(NCc3cc(Cl)ccn3)oc12,1
COc1cc(C(=O)N2CC(C)OCC2C2CC(O)C2)cc2nc(NCc3cc(Cl)ccn3)oc12,1
COc1cc(C(=O)N2CC(C)(CCO)OC[C@H]2C)cn2nc(NCc3cccc(Cl)c3)nc12,1
COc1cc(C(=O)N2CC(C)OCC2CCO)cn2nc(NCc3cccc(Cl)c3)nc12,1
COc1cc(C(=O)N2CC(C)OCC2C2CC(O)C2)cn2nc(NCc3cccc(Cl)c3)nc12,1
COc1cc(C(=O)N2CC(C)(CCO)OC[C@H]2C)cc2nc(N[C@H](CF)c3cccc(Cl)c3)oc12,1
COc1cc(C(=O)N2C[C@H](C)OC[C@@H]2CCO)cc2nc(N[C@H](CF)c3cccc(Cl)c3)oc12,1
COc1cc(C(=O)N2CC(C)OCC2C2CC(O)C2)cc2nc(N[C@H](CF)c3cccc(Cl)c3)oc12,1
O=C(NCc1cccc(Cl)c1)c1ccc2cn(CCn3cccn3)nc2c1,1
O=C(NCc1cccc(Cl)c1)c1cc(Cl)c2cn(CCn3cccn3)nc2c1,1
COc1cc(C(=O)NCc2cccc(Cl)c2)cc2nn(CCn3cccn3)cc12,1
CCn1cccc(-c2ccc(N3C[C@H](CNC(=O)c4ccc(Cl)s4)OC3=O)cc2OC)c1=O,1
COc1ccc(-n2cc(-c3ccccc3)nc2NC(=O)CN(C(=O)Cc2cccc(Cl)c2)C(C)C)cc1OC,1
CCCN(CC1CCOC1)C(=O)c1ccc2oc(NCc3cccc(Cl)c3)nc2c1,1
CCCN(CC1CCOC1)C(=O)c1cc(Cl)c2oc(NCc3cccc(Cl)c3)nc2c1,1
CCCN(CC1CCOC1)C(=O)c1cc(C)c2oc(NCc3cccc(Cl)c3)nc2c1,1
CCCN(CC1CCOC1)C(=O)c1cc(CC)c2oc(NCc3cccc(Cl)c3)nc2c1,1
CCCc1cc(C(=O)N(CCC)CC2CCOC2)cc2nc(NCc3cccc(Cl)c3)oc12,1
O=C(NCc1cccc(Cl)c1)c1ccc2cn(CCN3CCOC3=O)nc2c1,1
CC(C)(O)c1ccc(NC(=O)c2cc(C(=O)NCc3ccc(F)c(F)c3)c(F)cc2Cl)cc1,0
Cc1cc(OC(F)F)ccc1NC(=O)c1cc(C(=O)NCc2ccc(F)cc2)c(F)cc1Cl,0
Cc1cc(N2CCOCC2)cnc1NC(=O)c1cc(C(=O)NCc2ccc(F)c(F)c2)c(F)cc1Cl,0
